model,cohort,n,n_positive,positive_rate,threshold,roc_auc,pr_auc,brier,log_loss,accuracy,precision,recall,f1,f2,mcc,seed,regression_mae_days
xgboost_weighted,validation_all,24926,2087,0.0837278343897938,0.0735598654683792,0.6098769174265902,0.1183136053571554,0.0758369639515876,0.2819210588932037,0.4267431597528685,0.1044476141078838,0.7719214183037854,0.1839986294329278,0.3388440181726401,0.0953079115359508,,
xgboost_weighted,test_all,17838,1875,0.1051126807938109,0.0735598654683792,0.5603135918478147,0.1261302294653962,0.0939475893974304,0.3359289169311523,0.3416302276039915,0.1161415791520809,0.7962666666666667,0.2027155465037338,0.3667403586342422,0.057757847263519,,
xgboost_weighted,test_seen,11169,1131,0.1012624227773301,0.0735598654683792,0.5941896919028646,0.1366124947005893,0.0902576521039009,0.3237209916114807,0.3815919061688602,0.117787188988883,0.7869142351900973,0.2049038793599631,0.3683774834437086,0.0792148694032308,,
xgboost_weighted,test_new,6669,744,0.1115609536662168,0.0735598654683792,0.4976188693797921,0.1099003529703962,0.1001273617148399,0.3563743233680725,0.2747038536512221,0.1137950556708813,0.8104838709677419,0.1995697501241105,0.3643504531722054,0.0139562823387364,,
xgboost_weighted,test_bullpen,10947,1042,0.0951858956791815,0.0735598654683792,0.5493523405170617,0.1125035763271352,0.0860702097415924,0.31418377161026,0.3317803964556499,0.1046262448002016,0.7965451055662188,0.1849582172701949,0.3429468638955458,0.0521878225959798,,
xgboost_weighted,test_starter,6891,833,0.1208823102597591,0.0735598654683792,0.5740610869636729,0.1486721163891373,0.1064615473151207,0.3704731166362762,0.3572776084748222,0.1347013409183259,0.7959183673469388,0.2304083405734144,0.4016234552944027,0.0670225028232862,,
lstm,validation_all,24926,2087,0.0837278366088867,0.0014621964893938,0.6019207849249029,0.1234882874050617,0.2222187668085098,0.6790052652359009,0.2016368450613817,0.0898457287589224,0.9348346909439388,0.1639358037139736,0.3244852476466088,0.0574400173211093,42.0,26.90492057800293
lstm,test_all,17838,1875,0.1051126793026924,0.0014621964893938,0.5211717429889954,0.1073221236912324,0.2550314366817474,0.7922897338867188,0.1983966812422917,0.1071835082837991,0.904,0.1916445248459494,0.3635154842583855,0.018873298181827,42.0,29.30440330505371
lstm,test_seen,11169,1131,0.1012624204158783,0.0014621964893938,0.5487598055770037,0.1093989791058729,0.2456156313419342,0.769085705280304,0.2017190437818963,0.1043000914913083,0.9071618037135278,0.187089715536105,0.3572174639649049,0.027363964878424,42.0,28.28043556213379
lstm,test_new,6669,744,0.1115609556436538,0.0014621964893938,0.4728719205117735,0.1059538996945929,0.270800769329071,0.8311510682106018,0.1928325086219823,0.1119290614020411,0.8991935483870968,0.1990775182264544,0.3736177817491343,0.0034363199801263,42.0,30.86100578308105
lstm,test_bullpen,10947,1042,0.0951858982443809,0.0014621964893938,0.5165694055136076,0.0965705462249017,0.2416438907384872,0.7391467690467834,0.1754818671782223,0.0948853257560381,0.8973128598848369,0.1716226138032305,0.333404649835972,-0.0030752167885022,42.0,29.46408462524414
lstm,test_starter,6891,833,0.1208823099732399,0.0014621964893938,0.5250178645244826,0.1217478273403716,0.2762988805770874,0.8767123222351074,0.2347990132056305,0.1275167785234899,0.9123649459783914,0.2237597526865891,0.4089539388721481,0.0514931577352517,42.0,29.104660034179688
lstm,validation_all,24926,2087,0.0837278366088867,0.2532826777208934,0.622332662463624,0.1212395228859784,0.2260439097881317,0.6261469721794128,0.4147075343015325,0.1042167911865265,0.7886919022520364,0.1841060343381242,0.3408996769116063,0.0972827381788476,52.0,24.96297836303711
lstm,test_all,17838,1875,0.1051126793026924,0.2532826777208934,0.5374628495061496,0.1127004116287042,0.2590411603450775,0.713410496711731,0.3664648503195425,0.1143207855973813,0.7450666666666667,0.198226321390564,0.35420892494929,0.0442795558398183,52.0,27.305980682373047
lstm,test_seen,11169,1131,0.1012624204158783,0.2532826777208934,0.5581379176459252,0.1115243687259674,0.2451971024274826,0.682115912437439,0.3953800698361536,0.114297475301866,0.7365163572060124,0.1978857346478204,0.3526075177785303,0.059211292183221,52.0,27.081233978271484
lstm,test_new,6669,744,0.1115609556436538,0.2532826777208934,0.4983309514087382,0.117220218798386,0.2822266817092895,0.7658214569091797,0.3180386864597391,0.1143552311435523,0.7580645161290323,0.1987315010570824,0.3566009104704097,0.0149558543574459,52.0,27.64763641357422
lstm,test_bullpen,10947,1042,0.0951858982443809,0.2532826777208934,0.5370027255084531,0.0997731620004773,0.2343209236860275,0.6559168696403503,0.3949940623001736,0.1086804094797363,0.7437619961612284,0.1896488437538235,0.3429507036020887,0.0628582514128572,52.0,27.29030036926269
lstm,test_starter,6891,833,0.1208823099732399,0.2532826777208934,0.5253675256831025,0.125404731105524,0.2983115315437317,0.8047444820404053,0.3211435205340299,0.1222244055806641,0.7466986794717887,0.210064167510976,0.3693148082175513,0.0069185854480194,52.0,27.325597763061523
lstm,validation_all,24926,2087,0.0837278366088867,0.2796874168244275,0.6134128667552725,0.1206088767396354,0.1965692490339279,0.5611587762832642,0.4255395972077349,0.1034751037344398,0.7647340680402491,0.1822854205927702,0.3356890459363957,0.0908345081551673,62.0,24.9069938659668
lstm,test_all,17838,1875,0.1051126793026924,0.2796874168244275,0.5578563594980058,0.1273696711412361,0.226242184638977,0.6337268948554993,0.3703329969727548,0.1171753538990262,0.7637333333333334,0.2031782065834279,0.3630647533086557,0.0580140233720198,62.0,27.04033660888672
lstm,test_seen,11169,1131,0.1012624204158783,0.2796874168244275,0.5815563986823545,0.1348572944213608,0.2088240683078766,0.5965763330459595,0.4157041812158653,0.1178637200736648,0.735632183908046,0.2031746031746031,0.3591470258136924,0.0721193991479448,62.0,26.969343185424805
lstm,test_new,6669,744,0.1115609556436538,0.2796874168244275,0.5094953722607867,0.1199734526952345,0.2554133832454681,0.6959453821182251,0.2943469785575048,0.1162340178225494,0.8064516129032258,0.2031832035218422,0.3686409437208159,0.0274716148909227,62.0,27.14825820922852
lstm,test_bullpen,10947,1042,0.0951858982443809,0.2796874168244275,0.5528119341033484,0.1167681760605559,0.2108764797449112,0.5991311073303223,0.3814743765415182,0.1091554100150088,0.7677543186180422,0.1911360649862621,0.3479168478733582,0.0677490806033456,62.0,27.106847763061523
lstm,test_starter,6891,833,0.1208823099732399,0.2796874168244275,0.5550059905110938,0.1417939957606255,0.2506520450115204,0.6886854767799377,0.3526338702655637,0.1291905151267375,0.758703481392557,0.2207860262008733,0.3842412451361868,0.0398693484876945,62.0,26.95713424682617
vit,validation_all,24926,2087,0.0837278366088867,0.3703183197613918,0.6122638893495694,0.1103583151836262,0.2155536860227584,0.6164593696594238,0.4685067800690042,0.1101096904911618,0.7551509343555343,0.1921951219512195,0.3477339923216098,0.1106125551365246,42.0,23.309179306030277
vit,test_all,17838,1875,0.1051126793026924,0.3703183197613918,0.5499368957380608,0.1146925189404863,0.249037504196167,0.6873021721839905,0.3661284897410023,0.1171456405260594,0.7696,0.2033396744874233,0.3640629730547987,0.0586085924038847,42.0,25.711050033569336
vit,test_seen,11169,1131,0.1012624204158783,0.3703183197613918,0.5665475173121978,0.1146761038494761,0.241227701306343,0.6705621480941772,0.3908138597904915,0.116844522490882,0.7648099027409372,0.2027185376142488,0.3626226209440765,0.0724184272586967,42.0,25.04400062561035
vit,test_new,6669,744,0.1115609556436538,0.3703183197613918,0.5204728687446123,0.1151266816192987,0.2621171474456787,0.7153377532958984,0.3247863247863248,0.1175991861648016,0.7768817204301075,0.2042763739176533,0.3662400202762641,0.0321060494406527,42.0,26.72507095336914
vit,test_bullpen,10947,1042,0.0951858982443809,0.3703183197613918,0.5572445913723559,0.1057999950258293,0.250997394323349,0.6909534931182861,0.3585457202886635,0.1067859021567596,0.7792706333973128,0.1878325237103863,0.344886170574244,0.0596135680196901,42.0,25.66956901550293
vit,test_starter,6891,833,0.1208823099732399,0.3703183197613918,0.5428124369589368,0.1298912523103734,0.2459241151809692,0.6815016865730286,0.3781744304164853,0.1338565973695375,0.7575030012004802,0.2275103659635839,0.3921203082276908,0.0585658153043814,42.0,25.762937545776367
vit,validation_all,24926,2087,0.0837278366088867,0.3468328040808138,0.6065683991603649,0.1094154654227482,0.1758107841014862,0.5343714356422424,0.434847147556768,0.1078431372549019,0.7906085289889794,0.1897969747512509,0.3488667117726657,0.1097661245904988,52.0,24.48115921020508
vit,test_all,17838,1875,0.1051126793026924,0.3468328040808138,0.5652802104867506,0.1244161390011082,0.199826568365097,0.5862992405891418,0.3352393766117277,0.1178317127325625,0.8208,0.2060792715586502,0.3742522250863285,0.0685729635059038,52.0,25.80582046508789
vit,test_seen,11169,1131,0.1012624204158783,0.3468328040808138,0.5931648506673756,0.1296232271725732,0.1929693669080734,0.5713123083114624,0.3629689318649834,0.1180750574419198,0.8178603006189213,0.2063580591187953,0.374251497005988,0.0854159613541421,52.0,25.69116973876953
vit,test_new,6669,744,0.1115609556436538,0.3468328040808138,0.5167057982850143,0.1188471470511563,0.2113107591867447,0.6113988757133484,0.2887989203778677,0.117466998278171,0.8252688172043011,0.2056606933511974,0.3742533219553822,0.035716625105217,52.0,25.98010635375977
vit,test_bullpen,10947,1042,0.0951858982443809,0.3468328040808138,0.5709954742801334,0.111903925684064,0.1960185319185257,0.5778854489326477,0.3328765871928382,0.1071652654034383,0.8195777351247601,0.1895461103096215,0.3518167586718299,0.06677402483188,52.0,25.679536819458008
vit,test_starter,6891,833,0.1208823099732399,0.3468328040808138,0.5538931980847803,0.1416253049235392,0.2058759778738021,0.5996653437614441,0.338992889275867,0.1345247446975648,0.8223289315726291,0.2312236286919831,0.4065764482431149,0.0704069620956587,52.0,25.96378898620605
vit,validation_all,24926,2087,0.0837278366088867,0.0023735131200572,0.5755193124648104,0.1034734801176083,0.0937331318855285,0.4425001442432403,0.3687314450774291,0.0963085660198769,0.780067081935793,0.1714496340371755,0.3223507048946618,0.0659344116553381,62.0,24.843324661254883
vit,test_all,17838,1875,0.1051126793026924,0.0023735131200572,0.5184767775480799,0.1055180413965537,0.1207020953297615,0.5694169998168945,0.326381881376836,0.1109491291337374,0.7712,0.1939898041320096,0.352116105780938,0.0313409685899115,62.0,27.224241256713867
vit,test_seen,11169,1131,0.1012624204158783,0.0023735131200572,0.5524722676288107,0.1108258878202693,0.1133347079157829,0.5376765727996826,0.3594771241830065,0.1116698903932946,0.7656940760389036,0.1949133468377222,0.3526345793631403,0.0519952419784189,62.0,26.31312370300293
vit,test_new,6669,744,0.1115609556436538,0.0023735131200572,0.4586454788802686,0.0989799772810622,0.1330407410860061,0.6225748658180237,0.2709551656920078,0.1098901098901098,0.7795698924731183,0.1926270342079043,0.3513448025199903,-0.0103380123228441,62.0,28.60929107666016
vit,test_bullpen,10947,1042,0.0951858982443809,0.0023735131200572,0.5034124567266188,0.0925563317881813,0.1045827195048332,0.5067099928855896,0.3096738832556865,0.0977898505988393,0.7600767754318618,0.1732851985559566,0.3228173147468818,0.0149628108879674,62.0,27.441823959350582
vit,test_starter,6891,833,0.1208823099732399,0.0023735131200572,0.5371957630856898,0.1256007143450791,0.1463092118501663,0.6690330505371094,0.3529241039036424,0.1325496554519659,0.7851140456182473,0.2268076989769377,0.3955964190660537,0.0568291711109381,62.0,26.95207023620605
resnet,validation_all,24926,2087,0.0837278366088867,0.0701894838588707,0.6102363216543428,0.121809900615845,0.0757970809936523,0.2817490696907043,0.4370135601380085,0.1032283778397768,0.7446094873023479,0.1813196429613208,0.332022904025297,0.0869406576545382,42.0,23.68160820007324
resnet,test_all,17838,1875,0.1051126793026924,0.0701894838588707,0.5751050972039508,0.1319033304185163,0.0936954393982887,0.3349687457084656,0.3581679560488844,0.1191726332537788,0.7989333333333334,0.2074074074074074,0.3731938216243149,0.0708136328047796,42.0,25.8358154296875
resnet,test_seen,11169,1131,0.1012624204158783,0.0701894838588707,0.6070586501620985,0.1447501117535698,0.0899800434708595,0.3230834007263183,0.3839197779568448,0.119809574186723,0.8010610079575596,0.2084435752904636,0.374813834188317,0.0890188286813706,42.0,25.49158477783203
resnet,test_new,6669,744,0.1115609556436538,0.0701894838588707,0.5174210562134205,0.1123786924864017,0.0999178364872932,0.3548738658428192,0.3150397360923677,0.1182108626198083,0.7956989247311828,0.2058414464534075,0.3707414829659318,0.0366769417415424,42.0,26.359102249145508
resnet,test_bullpen,10947,1042,0.0951858982443809,0.0701894838588707,0.5788963483224995,0.1180813126975968,0.0856582522392273,0.3115545809268951,0.3716086599068238,0.1100868403473614,0.7907869481765835,0.1932684414213674,0.3535570239423324,0.0746586600848671,42.0,25.931819915771484
resnet,test_starter,6891,833,0.1208823099732399,0.0701894838588707,0.5665165703125092,0.1526003901486279,0.1064632683992385,0.3721643388271332,0.3368161369902772,0.1325467059980334,0.8091236494597839,0.2277796552889489,0.4003801829630509,0.060040453774253,42.0,25.715721130371094
resnet,validation_all,24926,2087,0.0837278366088867,0.0665296191970507,0.614146822595778,0.1208369523071138,0.0757492929697036,0.2815186083316803,0.4023108400866565,0.1006795087588055,0.7738380450407283,0.1781774051191527,0.33109188568617,0.0822341917952405,52.0,23.60603904724121
resnet,test_all,17838,1875,0.1051126793026924,0.0665296191970507,0.5747324354235838,0.1363216786489509,0.0936752408742904,0.3351062834262848,0.3370332996972754,0.1177103342297349,0.8170666666666667,0.205775688381464,0.3733853278089203,0.067474764683831,52.0,25.6115837097168
resnet,test_seen,11169,1131,0.1012624204158783,0.0665296191970507,0.6010851514025659,0.1485013832602775,0.0899770185351371,0.3233781456947326,0.3484644999552332,0.1173100871731008,0.8328912466843501,0.205654404540989,0.3751792257447825,0.0850811479553345,52.0,24.89131736755371
resnet,test_new,6669,744,0.1115609556436538,0.0665296191970507,0.5316940020870197,0.1194643071261059,0.0998689085245132,0.3547481596469879,0.3178887389413705,0.1183550651955867,0.793010752688172,0.205969628207366,0.3705564627559352,0.0371299429419313,52.0,26.70650100708008
resnet,test_bullpen,10947,1042,0.0951858982443809,0.0665296191970507,0.5840323766763136,0.1252974771075403,0.0855228900909423,0.3111165165901184,0.3376267470539874,0.1087586641461877,0.8282149712092131,0.1922691322268018,0.3565231760720482,0.0750668930398622,52.0,25.31743049621582
resnet,test_starter,6891,833,0.1208823099732399,0.0665296191970507,0.5590594441804454,0.1528923111533123,0.1066260263323783,0.373216301202774,0.3360905528950805,0.1316929133858267,0.8031212484993998,0.226281075596144,0.3976462196861626,0.0555415083417321,52.0,25.979536056518555
resnet,validation_all,24926,2087,0.0837278366088867,0.0577840682758827,0.6190236092135795,0.1216245867955613,0.075696937739849,0.2809708714485168,0.3283318623124448,0.0987350090356497,0.8639195016770483,0.1772164340475722,0.3387951444999812,0.0896837918262121,62.0,23.89523124694824
resnet,test_all,17838,1875,0.1051126793026924,0.0577840682758827,0.574432608741047,0.1363369649140212,0.0937080681324005,0.3353481888771057,0.2848413499271219,0.1134555271383915,0.8517333333333333,0.2002382295780828,0.3700871338524286,0.0526178071879012,62.0,25.784076690673828
resnet,test_seen,11169,1131,0.1012624204158783,0.0577840682758827,0.6019636874131175,0.1495861362782418,0.0900403782725334,0.3237077295780182,0.3250962485450801,0.1131505856780582,0.8284703801945181,0.1991075223119422,0.3658727059742288,0.0667293567130046,62.0,25.06597328186035
resnet,test_new,6669,744,0.1115609556436538,0.0577840682758827,0.5189274533823329,0.1179777965772568,0.0998506247997284,0.3548431992530823,0.2174239016344279,0.1138912855910267,0.8870967741935484,0.2018657287046949,0.3762398814274313,0.0190598229044274,62.0,26.87569046020508
resnet,test_bullpen,10947,1042,0.0951858982443809,0.0577840682758827,0.5575013007447914,0.1178680205481657,0.0860947296023368,0.3153445124626159,0.3214579336804604,0.1026630164260826,0.791746641074856,0.1817580964970258,0.3380039331366765,0.0423318524835167,62.0,25.57091522216797
resnet,test_starter,6891,833,0.1208823099732399,0.0577840682758827,0.5819419877558154,0.1583145493133324,0.1058025956153869,0.367125928401947,0.2266724713394282,0.1278145695364238,0.9267707082833132,0.2246471700858431,0.4118651301749893,0.0566530899000908,62.0,26.05071830749512
